,ProductID,ProductName,Brand,Model,SKU,Price,Stars,TotalReviews
0,1,Canon - SELPHY CP1300 Wireless Compact Photo Printer - Black,Canon,2234C001,6047800,$129.99,4.6,"2,101"
1,2,HP - ENVY 6055e Wireless Inkjet Printer with 6 months of Instant Ink Included with HP+ - White,HP,ENVY 6055e,6454281,$139.99,4.3,"3,022"
2,3,Epson - EcoTank ET-2850 All-in-One Cartridge-Free Supertank Printer,Epson,C11CJ63202,6470013,$299.99,4.6,130
3,4,HP - OfficeJet Pro 8025e Wireless All-In-One Inkjet Printer with 6 months of Instant Ink Included with HP+ - White,HP,OJP 8025e,6450663,$189.99,4.4,"3,389"
4,5,HP - DeskJet Plus 4140 Wireless All-In-One Inkjet Printer - White,HP,DesktJet Plus 4140,6485536,$109.99,4,13
5,6,Epson - EcoTank ET-3850 All-in-One Cartridge-Free Supertank Printer,Epson,C11CJ61201,6470010,$399.99,4.6,246
6,7,HP - ENVY 6455e Wireless All-In-One Inkjet Printer with 6 months of Instant Ink Included with HP+ - White,HP,ENVY 6455e,6454287,$159.99,4.1,"2,310"
7,8,Epson - WorkForce Pro WF-4820 Wireless All-in-One Printer,Epson,C11CJ06201,6426721,$179.99,4.3,365
8,9,HP - DeskJet 3755 Wireless All-In-One Instant Ink Ready Inkjet Printer - Stone,HP,J9V91A#B1H,5234375,$89.99,4.3,"6,615"
9,10,HP - DeskJet 2755e Wireless Inkjet Printer with with 6 months of Instant Ink Included with HP+ - White,HP,DeskJet 2755e,6454282,$74.99,4,"1,408"
10,11,HP - ENVY 7858 Wireless All-In-One Inkjet Printer - Black,HP,ENVY Photo 7858,6484529,$229.99,3.9,21
11,12,Brother - HL-L2320D Black-and-White Laser Printer - Gray,Brother,HL-L2320D,4499400,$109.99,4.6,935
12,13,Brother - MFC-L2710DW Wireless Black-and-White All-in-One Laser Printer - Black,Brother,MFC-L2710DW,6138321,$219.99,4.6,"1,253"
13,14,HP - ENVY Pro 6455 Wireless All-In-One Instant Ink-Ready Inkjet Printer - White,HP,5SE45A#B1F,6404824,$149.99,4.1,"2,310"
14,15,New!HP - ENVY Inspire 7955e Wireless All-In-One Inkjet Printer with 6 months of Instant Ink included with HP+ - White & Sandstone,New!HP,ENVY Inspire 7955e,6478251,$249.99,4.7,33
15,16,HP - OfficeJet Pro 9015e Wireless All-In-One Inkjet Printer with 6 months of Instant Ink Included with HP+ - White,HP,OJP 9015e,6450667,$249.99,4.5,"2,910"
16,17,Epson - WorkForce Pro WF-3820 Wireless All-in-One Printer,Epson,C11CJ07201,6426722,$149.99,4.3,688
17,18,Canon - IVY Mini Photo Printer - Rose Gold,Canon,3204C001,6219261,$99.99,4.6,"1,206"
18,19,Canon - SELPHY CP1300 Wireless Compact Photo Printer - Black,Canon,2234C001,6047800,$129.99,4.6,"2,101"
19,20,HP - DeskJet 4155e Wireless All-In-One Inkjet Printer with 6 months of Instant Ink Included with HP+ - White,HP,DeskJet 4155e,6454283,$109.99,3.6,"2,536"
20,21,Epson - WorkForce WF-110 Wireless Inkjet Printer,Epson,WORKFORCE WF-110 WIRELESS MOB,6371542,$299.99,4.6,255
21,22,Epson - EcoTank ET-3830 All-in-One Cartridge-Free Supertank Printer,Epson,C11CJ62201,6470012,$379.99,4.3,60
22,23,HP Sprocket Studio 4x6” Instant Photo Printer,HP,HPISPSUS,6473925,$129.99,4.3,45
23,24,Epson - EcoTank ET-4850 All-in-One Cartridge-Free Supertank Printer,Epson,C11CJ60202,6470011,$499.99,4.7,90
24,25,Canon - MAXIFY MegaTank GX6020 Wireless All-In-One Inkjet Printer - White,Canon,4470C002,6461026,$799.99,5,3
25,26,Brother - INKvestment Tank MFC-J1205W Wireless All-in-One Inkjet Printer with up to 1-Year of Ink In-box,Brother,MFCJ1205W,6461474,$109.99,4.2,186
26,27,Canon - PIXMA PRO-200 Wireless Inkjet Printer - Black,Canon,4280C002,6439509,$599.99,4.7,46
27,28,XYZprinting - da Vinci mini w+ Wireless 3D Printer,XYZprinting,3FM3WXUS02H,6316152,$209.95,3.8,28
28,29,HP - LaserJet Pro M283fdw Wireless Color All-In-One Laser Printer - White,HP,7KW75A#BGJ M283FDW,6401096,$489.99,4.5,956
29,30,HP - OfficeJet Pro 9025e Wireless All-In-One Inkjet Printer with 6 months of Instant Ink Included with HP+ - White,HP,OJP 9025e,6450665,$349.99,4.4,"1,238"
30,31,Epson - PictureMate PM-400 - C11CE84201 Wireless Photo Printer - White,Epson,C11CE84201,4440600,$249.99,4.6,115
31,32,Canon - imageCLASS D570 Wireless Black-and-White All-In-One Laser Printer - Black,Canon,1418C025,5848300,$229.99,4.4,252
32,33,HP - Smart Tank 7301 Wireless All-In-One Inkjet Printer - White & Slate,HP,Smart Tank 7301,6477858,$439.99,4.3,47
33,34,Canon - SELPHY Square QX10 Wireless Photo Printer - White,Canon,4108C002,6402214,$129.99,4.3,69
34,35,HP - LaserJet Pro MFP M428fdw Black-and-White All-In-One Laser Printer - White,HP,W1A30A#BGJ,6348957,$499.99,4.5,562
35,36,HP - LaserJet M234dwe Wireless Black-and-White Laser Printer with 6 months of Toner through HP+ - White & Slate,HP,M234dwe,6452568,$199.99,4.3,50
36,37,"HP Sprocket 2x3"" Instant Photo Printer -Luna Pearl - White",HP,HPISPW,6473926,$79.99,4.6,"1,017"
37,38,HP - OfficeJet Pro 8210 Wireless Inkjet Instant Ink Ready Printer - Black,HP,D9L64A#B1H,5536500,$159.99,4,99
38,39,Epson - EcoTank ET-4760 Wireless All-In-One Inkjet Printer - White,Epson,4760,6347467,$499.99,4.6,"1,481"
39,40,"HP Sprocket 2x3"" Instant Photo Printer - Lilac - Purple",HP,HPISPPR,6473922,$79.99,4.6,"1,017"
40,41,HP - LaserJet Pro M404n Black-and-White Laser Printer - White,HP,W1A52A#BGJ,6348964,$299.99,4.3,230
41,42,Epson - EcoTank® Pro ET-5170 Wireless All-in-One Supertank Printer,Epson,C11CJ88201,6459602,$549.99,4.7,7
42,43,HP - Neverstop MFP 1202w Wireless Black-And-White All-In-One Laser Printer - White,HP,5HG92A#BGJ,6401101,$369.99,4.4,331
43,44,Fujifilm - instax Mini Link Photo Printer - White,Fujifilm,16640773,6379307,$99.99,4.8,425
44,45,HP - LaserJet Pro M479fdw Wireless Color All-In-One Laser Printer - White,HP,W1A80A#BGJ,6348956,$649.99,4.7,"1,206"
45,46,"HP Sprocket 2x3"" Instant Photo Printer -Blush Pink - Pink",HP,HPISPP,6473920,$79.99,4.6,"1,017"
46,47,HP - LaserJet Pro MFP M428fdw Black-and-White All-In-One Laser Printer - White,HP,W1A30A#BGJ,6348957,$499.99,4.5,562
47,48,XYZprinting - da Vinci 1.0 Pro 3F1AWXUS00K 3D Printer - Red/Black,XYZprinting,3F1AWXUS00K,4757300,$449.95,3.2,17
48,49,HP - LaserJet Pro MFP M29W Wireless Black-and-White All-In-One Laser Printer - White,HP,Y5S53A#BGJ,6238315,$149.99,4.5,"1,299"
49,50,Canon - imageCLASS D1650 Wireless Black-and-White All-In-One Laser Printer - White,Canon,2223C023,6346333,$599.99,4,5
50,51,Canon - PIXMA iP8720 Wireless Photo Printer - Black,Canon,8746B002,4241003,$279.99,4.4,177
51,52,HP - Neverstop 1001nw Wireless Black-And-White Laser Printer - White,HP,5HG80A#BGJ,6401099,$289.99,4.4,212
52,53,"HP Sprocket 2x3"" Instant Photo Printer - Black - Black",HP,HPISPB,6473923,$79.99,4.6,"1,017"
53,54,Envy 6075 Wireless All In One Inkjet Printer with 2 years of HP Instant Ink - White,Envy,ENVY 6075,6421442,$249.99,4.4,8
54,55,Canon - PIXMA MG3620 Wireless All-In-One Inkjet Printer - Black,Canon,0515C002,4291017,$89.99,4.3,"2,773"
55,56,Canon - imageCLASS MF236n Black-and-White All-In-One Laser Printer - Black,Canon,1418C036AA,5705405,$199.99,4.1,91
56,57,Brother - INKvestment Tank MFC-J4535DW Wireless All-in-One Inkjet Printer with Up to 1-Year of Ink in-box,Brother,MFCJ4535DW,6461498,$219.99,4.5,164
57,58,Canon - PIXMA TS3520 Wireless All-In-One Inkjet Printer - Black,Canon,4977C002,6461023,$79.99,3.9,66
58,59,Brother - HL-L2395DW Wireless Black-and-White All-In-One Laser Printer - Gray,Brother,HL-L2395DW,6130100,$199.99,4.7,"1,943"
59,60,Brother - MFC-L2750DW Wireless Black-and-White All-In-One Laser Printer - Gray,Brother,MFC-L2750DW,6130101,$269.99,4.6,"1,012"
60,61,Brother - HL-L2370DW XL Wireless Black-and-White Laser Printer - Gray,Brother,HL-L2370DW XL,6130102,$239.99,4.7,123
61,62,HP - Neverstop MFP 1202w Wireless Black-And-White All-In-One Laser Printer - White,HP,5HG92A#BGJ,6401101,$369.99,4.4,331
62,63,Fujifilm - Instax Link Wide Printer - Mocha Gray,Fujifilm,16719562,6480357,$149.99,reviewed,Not yet reviewed
63,64,"HP Sprocket Select 2.3""x3.4"" Instant Photo Printer - White",HP,HPISPSLE,6473921,$99.99,4.6,125
64,65,Canon - PIXMA MegaTank G2260 All-In-One Inkjet Printer - Black,Canon,4466C002,6443807,$189.99,4.1,16
65,66,HP - Smart Tank Plus 551 Wireless All-In-One Inkjet Printer,HP,6HF11A#B1H,6390493,$399.99,4.1,254
66,67,Brother - MFC-L2750DW XL Wireless Black-and-White All-In-One Laser Printer - Gray,Brother,MFC-L2750DW XL,6130104,$369.99,4.7,140
67,68,Canon - imagePROGRAF PRO-300 Wireless Inkjet Printer - Black,Canon,imagePROGRAF PRO-300,6420641,$899.99,5,6
68,69,HP - LaserJet M209dwe Wireless Black-and-White Laser Printer with 6 months of Toner through HP+ - White & Slate,HP,M209dwe,6452950,$169.99,4.4,50
69,70,XYZprinting - da Vinci nano Wireless 3D Printer,XYZprinting,3FNAWXUS00E,6440440,$189.95,reviewed,Not yet reviewed
70,71,HP - LaserJet Pro M404dw Wireless Black-and-White Laser Printer - White,HP,W1A56A#BGJ,6348963,$379.99,4.7,43
71,72,Epson - Expression Photo XP-970 Wireless All-In-One Printer,Epson,EXPRESSION PHOTO XP-970 AIO PR,6371546,$299.99,4.4,79
72,73,Canon - PIXMA MegaTank G6020 Wireless All-In-One Inkjet Printer - Black,Canon,3113C002,6356231,$279.99,4.2,720
73,74,HP - Sprocket Select Printer Gift Bundle - White,HP,AMZBBHPISLEKIT1,6487118,$139.99,reviewed,Not yet reviewed
74,75,Brother - HL-L2390DW Wireless Black-and-White All-In-One Laser Printer - Gray,Brother,HL-L2390DW,6130044,$169.99,4.6,"1,427"
75,76,MakerBot - Replicator + Wireless 3D Printer - Black,MakerBot,MP07825,5659400,"$2,099.99",4.7,7
76,77,Brother - INKvestment Tank MFC-J1205W Wireless All-in-One Inkjet Printer with up to 1-Year of Ink In-box,Brother,MFCJ1205W,6461474,$109.99,4.2,186
77,78,HP - OfficeJet Pro 6230 Wireless ePrinter - Black,HP,E3E03A#B1H,8014049,$139.99,4,70
78,79,Epson - Expression Photo HD XP-15000 Wireless Printer - Black,Epson,XP 15000,6167507,$349.99,4.5,182
79,80,Canon - Pixma TS6420 Wireless All-In-One Inkjet Printer - Black,Canon,4462C002,6426766,$129.99,4.3,411
80,81,Brother - INKvestment Tank MFC-J4335DW Wireless All-in-One Inkjet Printer with up to 1-Year of Ink In-box,Brother,MFCJ4335DW,6461536,$159.99,4.4,172
81,82,Epson - Expression Premium XP-6100 Wireless All-In-One Inkjet Printer - Black,Epson,EPSON XP-6100 C11CG29201,6347505,$149.99,4.2,"1,087"
82,83,Brother - HL-L3290CDW Wireless Color All-In-One Laser Printer - White,Brother,HL-L3290CDW,6296010,$329.99,4.5,308
83,84,Canon - imageCLASS MF642Cdw Wireless Color All-In-One Laser Printer - White,Canon,3102C012,6333172,$349.99,4.3,"1,629"
84,85,Brother - DCP-L2550DW Wireless Black-and-White All-In-One Laser Printer - Black,Brother,DCP-L2550DW,6138318,$179.99,4.6,129
85,86,Epson - EcoTank ET-2800 Wireless Color All-in-One Cartridge-Free Supertank Printer with Scan and Copy,Epson,C11CJ66202,6469371,$199.99,4.8,269
86,87,Fujifilm - Instax Link Wide Printer - Mocha Gray,Fujifilm,16719562,6480357,$149.99,reviewed,Not yet reviewed
87,88,Brother - HL-L2370DW Wireless Black-and-White Laser Printer - Gray,Brother,HL-L2370DW,6130042,$139.99,4.6,"1,811"
88,89,Epson - Expression Home XP-4100 Wireless All-In-One Inkjet Printer - Black,Epson,EPSON XP-4100 PRINTER C11CG33,6348813,$99.99,4.2,"2,592"
89,90,Canon - Pixma TR8620 Wireless All-In-One Inkjet Printer with Fax - Black,Canon,4451C002,6426775,$199.99,4.3,629
90,91,Brother - INKvestment Tank MFC-J1205W Wireless All-in-One Inkjet Printer with up to 1-Year of Ink In-box,Brother,MFCJ1205W,6461474,$109.99,4.2,186
91,92,Brother - MFC-L3770CDW Wireless Color All-In-One Laser Printer - White,Brother,MFC-L3770CDW,6265826,$429.99,4.5,"1,111"
92,93,Canon - PIXMA TR4720 Wireless All-In-One Inkjet Printer - Black,Canon,5074C002,6477031,$99.99,4,91
93,94,Brother - HL-L3270CDW Wireless Color Laser Printer - White,Brother,HL-L3270CDW,6265819,$269.99,4.5,546
94,95,HP - Smart Tank 7001 Wireless All-In-One Inkjet Printer - White & Slate,HP,Smart Tank 7001,6477854,$399.99,4.4,41
95,96,HP - LaserJet Pro MFP M428fdn Black-and-White All-In-One Laser Printer - White,HP,W1A29A#BGJ,6348965,$499.99,4.5,8
96,97,Canon - IVY Mini Photo Printer - Rose Gold,Canon,3204C001,6219261,$99.99,4.6,"1,206"
97,98,Brother - MFC-L3710CW Wireless Color All-In-One Laser Printer - White,Brother,MFC-L3710CW,6265823,$349.99,4.5,65
98,99,Brother - INKvestment Tank MFC-J5845DW Wireless All-in-One Inkjet Printer with Up to 1-Year of Ink In-box - White/Gray,Brother,MFC-J5845DW,6302026,$269.99,4.1,21
99,100,HP - LaserJet Pro M404dn Black-and-White Laser Printer - White,HP,W1A53A#BGJ,6348960,$329.99,4.4,49
100,101,Canon - PIXMA TS202 Inkjet Printer - Black,Canon,2319C002,6178696,$59.99,3.7,39
101,102,Epson - Expression Photo XP-8600 Wireless All-In-One Inkjet Printer,Epson,EXPRESSION XP 8600,6397573,$249.99,4.6,36
102,103,Canon - PIXMA MegaTank G7020 Wireless All-In-One Inkjet Printer with Fax - Black,Canon,3114C002,6393533,$349.99,4.3,442
103,104,Epson - WorkForce Pro WF-4740 Wireless All-In-One Inkjet Printer - Black,Epson,C11CF75201,5732906,$299.99,4.3,762
104,105,HP - Tango Wireless Instant Ink Ready Inkjet Printer - Wisp Gray,HP,2RY54A#B1H,6276400,$159.99,4.4,943
105,106,Epson - Expression Premium XP-7100 Wireless All-In-One Inkjet Printer - Black,Epson,C11CH03201,6280710,$199.99,4.4,"1,702"
106,107,Canon - PIXMA MegaTank G3260 Wireless All-In-One Inkjet Printer - Black,Canon,4468C002,6443806,$199.99,4.2,35
107,108,HP - LaserJet Pro MFP M428fdw Black-and-White All-In-One Laser Printer - White,HP,W1A30A#BGJ,6348957,$499.99,4.5,562
108,109,Canon - imageCLASS LBP6230DW Wireless Black-and-White Laser Printer - White,Canon,9143B008,9550098,$169.99,4.4,70
109,110,HP - LaserJet Pro MFP M227fdn Black-and-White All-In-One Laser Printer - White,HP,M227FDN,5743704,$269.99,4.3,38
110,111,HP - LaserJet Pro M15w Laser Printer - White,HP,W2G51A#BGJ,6199701,$119.99,4.6,"1,356"
111,112,Canon - MAXIFY MegaTank GX7020 Wireless All-In-One Inkjet Printer with Fax - White,Canon,4471C002,6461022,$899.99,reviewed,Not yet reviewed
112,113,Epson - EcoTank ET-2850 All-in-One Cartridge-Free Supertank Printer,Epson,C11CJ63201,6470009,$299.99,4.8,5
113,114,HP - ENVY Photo 7855 Wireless All-In-One Instant Ink Ready Inkjet Printer - Black,HP,K7R96A#B1H,5961901,$249.99,4.5,"6,614"
114,115,Envy Pro 6475 Wireless All In One Inkjet Printer with 2 years of HP Instant Ink - White,Envy,ENVY Pro 6475,6421445,$269.99,4.6,23
115,116,HP - ENVY Photo 7155 Wireless All-In-One Instant Ink Ready Inkjet Printer with 5 Months Instant Ink Included - Black,HP,Z3M52A#B1H,5962000,$199.99,4.5,"6,201"
116,117,New!Epson - ET-3760 All-In-One Cartridge-Free Supertank Printer Refurb - White,New!Epson,C11CG20203-N,6487645,$379.99,reviewed,Not yet reviewed
117,118,Epson - WorkForce WF-2830 Wireless All-in-One Inkjet Printer - Black,Epson,EPSON WF-2830 PRINTER C11CG302,6347500,$79.99,4,588
118,119,HP - LaserJet Pro M454dw Wireless Color Laser Printer - White,HP,W1Y45A#BGJ,6348959,$489.99,4.6,85
119,120,HP - PageWide Pro 577dw Wireless All-In-One Inkjet Printer - White,HP,D3Q21A#B1H,4973324,$899.99,4.7,72
120,121,HP - LaserJet Pro M501dn Black-and-White Laser Printer - White,HP,J8H61A#BGJ,5043600,$548.99,4.7,31
121,122,Canon - imageCLASS LBP6030w Wireless Black-and-White Laser Printer - White/Black,Canon,8468B003,1955328,$159.99,4.4,87
122,123,Epson - EcoTank Photo ET-8550 All-in-One Wide-format Supertank Printer,Epson,C11CJ21201,6469372,$699.99,4.8,6
123,124,MakerBot - SKETCH Classroom 3D Printer - Black,MakerBot,SKETCHKIT,6416801,"$1,299.99",reviewed,Not yet reviewed
124,125,HP - OfficeJet Pro 7740 Wireless All-In-One Inkjet Printer - White,HP,G5J38A,5536900,$299.99,4.5,236
125,126,Epson - EcoTank ET-15000 Wireless All-In-One Inkjet Printer,Epson,ECOTANK ET 15000,6397577,$599.99,4.6,31
126,127,Canon - imageCLASS D570 Wireless Black-and-White All-In-One Laser Printer - Black,Canon,1418C025,5848300,$229.99,4.4,252
127,128,HP - LaserJet Pro M203dw Wireless Black-and-White Laser Printer - White,HP,G3Q47A,5638100,$189.99,4.3,72
128,129,HP - OfficeJet Pro 8035e Wireless All-In-One Inkjet Printer with up to 12 months of Instant Ink Included with HP+ - Basalt,HP,OJP 8035e Basalt,6450668,$219.99,4.5,"3,644"
129,130,Epson - WorkForce WF-2860 Wireless All-In-One Inkjet Printer - Black,Epson,C11CG28201,6214992,$129.99,4.2,165
130,131,HP - LaserJet Enterprise M480F Color All-In-One Laser Printer - White,HP,M480F,6449132,$879.99,3,6
131,132,Canon - PIXMA MegaTank G620 Wireless All-In-One Inkjet Printer - Black,Canon,4620C002,6461025,$299.99,4.8,6
132,133,HP - LaserJet Enterprise M406dn Black-and-White Laser Printer - White,HP,M406dn,6449129,$479.99,1,1
133,134,Canon - PIXMA MG2525 All-In-One Inkjet Printer - Black,Canon,0727C002,5656869,$69.99,3.9,74
134,135,Canon - imageCLASS MF743Cdw Wireless Color All-In-One Laser Printer - White,Canon,3101C011,6343550,$529.99,4.3,755
135,136,HP - PageWide Pro 477dw Wireless All-In-One Inkjet Printer - White,HP,D3Q20A#B1H,4973203,$699.99,4.6,88
136,137,Canon - PIXMA MegaTank G1220 Inkjet Printer - Black,Canon,4469C002,6443808,$179.99,3,2
137,138,XYZprinting - da Vinci Jr. 1.0 3 in 1 Wireless 3D Printer/ 3D Scanner/ Upgradable Laser Engraver - Blue/White,XYZprinting,3F1JSXUS00B,5579481,$479.95,3.3,6
138,139,HP - LaserJet Enterprise M455dn Color Laser Printer - White,HP,M455dn,6449128,$549.99,4.3,3
139,140,Epson - WorkForce Pro WF-7820 Wireless Wide-format All-in-One Printer,Epson,C11CH78201,6426723,$249.99,4.4,33
140,141,Epson - EcoTank® Photo ET-8500 Wireless Color All-in-One Supertank Printer,Epson,C11CJ20201,6459641,$599.99,4.9,31
141,142,Canon - Pixma TR7020 Wireless All-In-One Inkjet Printer - Black,Canon,4460C002,6426772,$149.99,4.1,163
142,143,Epson - EcoTank Pro ET-5850 Wireless All-In-One Inkjet Printer,Epson,ECOTANK ET 5850,6397580,$849.99,4.7,54
143,144,Canon - imageCLASS MF644Cdw Wireless Color All-In-One Laser Printer - White,Canon,3102C005,6343717,$399.99,4.3,60
144,145,HP - LaserJet Pro M255dw Wireless Color Laser Printer - White,HP,7KW64A#BGJ M255DW,6401098,$329.99,4.3,23
145,146,Canon - PIXMA TR150 Wireless Inkjet Printer,Canon,4167C002,6407491,$229.99,4.6,61
146,147,HP - OfficeJet 250 Mobile Wireless All-In-One Inkjet Printer - Black,HP,OJ-250,5375401,$419.99,4.6,173
147,148,Epson - EcoTank ET-M3170 Wireless Monochrome All-in-One SuperTank Printer - White,Epson,ECOTANK ET-M3170 WL SUPERTANK,6360502,$399.99,4.4,15
148,149,HP - LaserJet Pro M479fdn Color All-In-One Laser Printer - White,HP,W1A79A#BGJ,6348958,$649.99,4.1,16
149,150,Brother - MFC-L8900CDW Wireless Color All-in-One Laser Printer - White,Brother,MFC-L8900CDW,5870903,$599.99,4.6,146
150,151,Canon - SELPHY CP1300 Wireless Compact Photo Printer - Black,Canon,2234C001,6047800,$129.99,4.6,"2,101"
151,152,Epson - WorkForce Pro WF-4830 Wireless All-in-One Printer,Epson,C11CJ05201,6426727,$199.99,4.5,42
152,153,HP - LaserJet Pro MFP M182nw Wireless Color All-In-One Laser Printer,HP,7KW55A#BGJ M182NW,6401100,$369.99,4.2,20
153,154,Canon - imagePROGRAF PRO-1000 Wireless Inkjet Printer - Black,Canon,0608C002,5713403,"$1,399.99",4.6,12
154,155,HP - LaserJet Pro M227fdw Black-and-White All-In-One Laser Printer - White,HP,G3Q75A,5689641,$299.99,4.5,89
155,156,Epson - WorkForce Pro WF-7840 Wireless Wide-format All-in-One Printer,Epson,C11CH67201,6426725,$299.99,4.3,437
156,157,Epson - EcoTank Pro ET-16650 Wireless All-In-One Inkjet Printer,Epson,ECOTANK ET 16650,6397581,"$1,129.99",4.7,20
157,158,HP - LaserJet Pro M454dn Color Laser Printer - White,HP,W1Y44A#BGJ,6348961,$469.99,4.8,27
158,159,Brother - MFC-L6700DW Wireless Black-and-White All In One Laser Printer - Black,Brother,MFC-L6700DW,5043900,$599.99,4.8,14
159,160,HP - ENVY 6055 Wireless All-In-One Instant Ink-Ready Inkjet Printer - White,HP,5SE45A#1BH/5SE45A#A2L,6404827,$129.99,4.3,"3,022"
160,161,Canon - imageCLASS MF264dw Wireless Black-and-White All-In-One Laser Printer - Black,Canon,MF264DW,6312847,$199.00,4.4,48
161,162,Epson - EcoTank ET-M2170 Wireless Monochrome All-in-One SuperTank Printer - White,Epson,ECOTANK ET-M2170 WL SUPERTANK,6360501,$329.99,5,12
162,163,Epson - EcoTank ET-M1170 Wireless Monochrome SuperTank Printer - White,Epson,ECOTANK ET-M1170 WL SUPERTANK,6360504,$279.99,4.1,12
163,164,Epson - EcoTank Pro ET-16600 Wireless All-In-One Inkjet Printer,Epson,ECOTANK ET 16600,6397582,$999.99,4.8,18
164,165,HP - Tango X Wireless Instant Ink Ready Inkjet Printer with Linen Cover - White,HP,3DP65A#B1H,6276402,$219.99,4.5,543
165,166,XYZprinting - da Vinci Jr. 1.0a Pro. 3D Printer,XYZprinting,3F1JAXUS00C,6323437,$429.95,reviewed,Not yet reviewed
166,167,Canon - imageCLASS MF445DW Wireless Black-and-White All-In-One Laser Printer - White,Canon,CANON MF445DW,6382960,$349.00,4.4,64
167,168,Canon - imageCLASS MF267dw Wireless Black-and-White All-In-One Laser Printer - Black,Canon,MF267DW,6317300,$249.00,4.4,28
168,169,Canon - imageCLASS MF269dw Wireless Black-and-White All-In-One Laser Printer - Black,Canon,MF269,6317301,$299.00,4,36
169,170,Epson - WorkForce Pro WF-7310 Wireless Wide-format Printer,Epson,C11CH70201,6469374,$199.99,5,1
170,171,Canon - PIXMA TS302 Wireless Inkjet Printer - Black,Canon,2321C002,6178694,$79.99,3.6,17
171,172,Epson - EcoTank ET-2720 Wireless All-In-One Inkjet Printer - White,Epson,ECOTANK ET-2720 PRINTER C11CH4,6347454,$199.99,4.5,"1,773"
172,173,Canon - PIXMA TS3320 Wireless All-In-One Inkjet Printer - White,Canon,3771C022,6367438,$89.99,4.2,80
173,174,MakerBot - METHOD X 3D Printer - Black,MakerBot,900-0002A,6470371,"$4,874.25",reviewed,Not yet reviewed
174,175,HP - OfficeJet 200 Mobile Inkjet Printer - Black,HP,CZ993A#B1H,5341000,$329.99,4.6,104
175,176,HP - LaserJet Pro M404n Black-and-White Laser Printer - White,HP,W1A52A#BGJ,6348964,$299.99,4.3,230
176,177,HP - LaserJet Pro M118DW Wireless Black-and-White Laser Printer - Off-White And Gray,HP,M118DW,6298643,$128.99,4.4,45
177,178,Canon - PIXMA TS6320 Color All-In-One Inkjet Printer - Black,Canon,3774C002,6367468,$129.99,4.4,603
178,179,Canon - PIXMA TS9521C Wireless All-In-One Printer - White,Canon,2988C022,6290024,$279.99,4.4,71
179,180,Epson - Expression EcoTank ET-2750 Wireless All-in-One Inkjet Printer - Black,Epson,ET 2750,6042206,$299.99,4.5,981
180,181,Canon - PIXMA iX6820 Wireless Inkjet Printer - Black,Canon,8747B002,5733008,$179.99,4.5,217
181,182,Brother - Work Smart Series MFC-J497DW Wireless All-In-One Inkjet Printer - Black,Brother,MFC-J497DW,6239806,$89.99,4.4,"2,098"
182,183,HP - LaserJet M234sdwe Wireless Black-and-White Laser Printer with 6 months of Toner through HP+ - White & Slate,HP,M234sdwe,6452570,$219.99,4,43
183,184,HP - DeskJet 2725 Wireless All-In-One Instant Ink Ready Inkjet Printer - White,HP,DeskJet 2725,6421533,$69.99,4,"1,387"
184,185,Canon - imageCLASS MF810CDN Color All-in-One Laser Printer - White,Canon,9548B001,4382300,$898.99,3.3,3
185,186,Epson - EcoTank Pro ET-5150 Wireless All-in-One Supertank Printer,Epson,C11CJ89201,6459601,$499.99,5,12
186,187,Epson - EcoTank Pro ET-5800 Wireless All-In-One Inkjet Printer,Epson,ECOTANK PRO ET-5800 AIO,6405195,$799.99,4.9,27
187,188,Epson - Expression Premium EcoTank ET-7750 Wireless All-in-One Inkjet Printer - Black,Epson,ET 7750,6042500,$649.99,4.5,128
188,189,Epson - WorkForce WF-7210 Wireless All-In-One Inkjet Printer - Black,Epson,WF 7210,6060200,$199.99,4.6,70
189,190,Epson - EcoTank Pro ET-5880 Wireless All-In-One Inkjet Printer with PCL Support,Epson,ECOTANK ET 5880,6397578,$899.99,4.6,36
190,191,HP - LaserJet Pro MFP M130nw Wireless Black-and-White All-In-One Laser Printer - White,HP,G3Q58A # BGJ,5623291,$138.99,4.5,299
191,192,Brother - MFC-L5800DW Wireless Black-and-White All-In-One Laser Printer - Multi,Brother,MFC-L5800DW-US,5043700,$419.99,4.6,61
192,193,Brother - Work Smart Series MFC-J895DW Wireless All-In-One Inkjet Printer - Black,Brother,MFC-J895DW,6239805,$129.99,4.6,114
193,194,HP - OfficeJet Pro 8035 Wireless All-In-One Instant Ink Ready Inkjet Printer - Oasis/White/Gray,HP,3UC66A#B1H,6335318,$199.99,4.5,"3,644"
194,195,Brother - MFC-L5900DW Wireless Black-and-White All-In-One Laser Printer - Multi,Brother,MFC-L5900DW-US,5043802,$449.99,4.5,70
195,196,Canon - PIXMA TR7520 Wireless All-In-One Inkjet Printer - Black,Canon,2232C002,6042718,$169.99,4.4,62
196,197,Canon - PIXMA TR8520 Wireless All-In-One Inkjet Printer - Black,Canon,2233C002,6042708,$179.99,4.3,"2,594"
197,198,Canon - PIXMA MG3620 Wireless All-In-One Printer - Red,Canon,0515C042,4291000,$89.99,4.3,"2,773"
198,199,Canon - PIXMA TR4520 Wireless All-In-One Inkjet Printer - White,Canon,2984C022,6290018,$99.99,4.2,"3,870"
199,200,Canon - imageCLASS D1620 Wireless Black-and-White All-In-One Laser Printer - White,Canon,2223C024AA,6339528,$508.99,4.5,8
200,201,HP - LaserJet Pro M404dw Wireless Black-and-White Laser Printer - White,HP,W1A56A#BGJ,6348963,$379.99,4.7,43
201,202,HP - LaserJet Pro M102w Black-and-White Wireless Laser Printer - White,HP,G3Q35A#BGJ,5622272,$118.99,4.2,36
202,203,Canon - PIXMA TS5320 Wireless All-In-One Inkjet Printer - Black,Canon,3773C002,6367440,$99.99,4,67
203,204,Canon - PIXMA MegaTank G5020 Wireless Inkjet Printer - Black,Canon,3112C002,6356232,$229.99,3.9,40
204,205,Canon - imageCLASS MF741Cdw Wireless Color All-In-One Laser Printer - White,Canon,MF741CDW,6346174,$489.99,3.4,5
205,206,nemonic MIP-001B Wireless Printer - Berry Blue,nemonic,MIP-001B,6290358,$149.95,reviewed,Not yet reviewed
206,207,HP - LaserJet Enterprise M430F Black-and-White All-In-One Laser Printer - White,HP,M430F,6449130,$779.99,2.5,2
207,208,HP - Refurbished LaserJet Pro MFP M180nw Wireless Color All-In-One Laser Printer - White,HP,M180NW,6273703,$239.99,4.8,27
208,209,HP - Refurbished LaserJet PRO M454DW Printer - White,HP,HP Color LaserJet Pro M454dw,6423808,$259.99,reviewed,Not yet reviewed
209,210,Silhouette - Alta Plus 3D Printer,Silhouette,SILHOUETTEALTAPLUS4T,6424203,$349.99,reviewed,Not yet reviewed
210,211,Epson - EcoTank ET-4850 All-in-One Cartridge-Free Supertank Printer,Epson,C11CJ60201,6470007,$499.99,reviewed,Not yet reviewed
211,212,HP - Refurbished  LaserJet Pro M404N  Printer - White,HP,HP LaserJet Pro M404n,6419326,$219.99,reviewed,Not yet reviewed
212,213,HP - Refurbished LaserJet PRO M454DN Printer - White,HP,HP Color LaserJet Pro M454dn,6424690,$239.99,reviewed,Not yet reviewed
213,214,HP - Refurbished  LaserJet Pro M428FDW Multifunction Printer - White,HP,HP LaserJet Pro MFP M428fdw,6420405,$369.99,reviewed,Not yet reviewed
214,215,HP - Refurbished  LaserJet Pro M404DN Printer - White,HP,M404DN,6425952,$259.99,reviewed,Not yet reviewed
215,216,HP - Refurbished Color LaserJet  PRO M479FDW Printer - White,HP,HP Color LaserJet Pro MFP M479fdw,6416819,$499.99,reviewed,Not yet reviewed
